{
    "4_0": {
        "SSIM": [
            0.33770373463630676,
            0.3661663234233856,
            0.3862643837928772,
            0.3978862166404724,
            0.4025481641292572,
            0.40416255593299866,
            0.404386430978775,
            0.4043968617916107,
            0.4043971002101898,
            0.4043971002101898,
            0.4043971002101898,
            0.4043971002101898,
            0.4043971002101898,
            0.4043971002101898,
            0.4043971002101898,
            0.4043971002101898,
            0.4043971002101898,
            0.4043971002101898,
            0.4043971002101898,
            0.4043971002101898,
            0.4043971002101898,
            0.4043971002101898,
            0.4043971002101898,
            0.4043971002101898,
            0.4043971002101898
        ],
        "MSE": [
            0.023589102551341057,
            0.02054193802177906,
            0.01876441016793251,
            0.017805755138397217,
            0.01741432584822178,
            0.017297783866524696,
            0.017281189560890198,
            0.01728064939379692,
            0.017280645668506622,
            0.017280645668506622,
            0.017280645668506622,
            0.017280645668506622,
            0.017280645668506622,
            0.017280645668506622,
            0.017280645668506622,
            0.017280645668506622,
            0.017280645668506622,
            0.017280645668506622,
            0.017280645668506622,
            0.017280645668506622,
            0.017280645668506622,
            0.017280645668506622,
            0.017280645668506622,
            0.017280645668506622,
            0.017280645668506622
        ],
        "SNR": [
            0,
            1,
            2,
            3,
            4,
            5,
            6,
            7,
            8,
            9,
            10,
            11,
            12,
            13,
            14,
            15,
            16,
            17,
            18,
            19,
            20,
            21,
            22,
            23,
            24
        ]
    },
    "4_5": {
        "SSIM": [
            0.1939740926027298,
            0.2666199207305908,
            0.3466707766056061,
            0.41112977266311646,
            0.4468871057033539,
            0.4586049020290375,
            0.460252583026886,
            0.4603744447231293,
            0.4603744447231293,
            0.4603744447231293,
            0.4603744447231293,
            0.4603744447231293,
            0.4603744447231293,
            0.4603744447231293,
            0.4603744447231293,
            0.4603744447231293,
            0.4603744447231293,
            0.4603744447231293,
            0.4603744447231293,
            0.4603744447231293,
            0.4603744447231293,
            0.4603744447231293,
            0.4603744447231293,
            0.4603744447231293,
            0.4603744447231293
        ],
        "MSE": [
            0.06009584292769432,
            0.042547717690467834,
            0.028953293338418007,
            0.020695408806204796,
            0.016912532970309258,
            0.015849992632865906,
            0.015692099928855896,
            0.015685252845287323,
            0.015685252845287323,
            0.015685252845287323,
            0.015685252845287323,
            0.015685252845287323,
            0.015685252845287323,
            0.015685252845287323,
            0.015685252845287323,
            0.015685252845287323,
            0.015685252845287323,
            0.015685252845287323,
            0.015685252845287323,
            0.015685252845287323,
            0.015685252845287323,
            0.015685252845287323,
            0.015685252845287323,
            0.015685252845287323,
            0.015685252845287323
        ],
        "SNR": [
            0,
            1,
            2,
            3,
            4,
            5,
            6,
            7,
            8,
            9,
            10,
            11,
            12,
            13,
            14,
            15,
            16,
            17,
            18,
            19,
            20,
            21,
            22,
            23,
            24
        ]
    },
    "4_10": {
        "SSIM": [
            0.19528499245643616,
            0.2507248520851135,
            0.31515413522720337,
            0.3696288764476776,
            0.40084919333457947,
            0.4105030596256256,
            0.4121836721897125,
            0.41224461793899536,
            0.41224461793899536,
            0.41224461793899536,
            0.41224461793899536,
            0.41224461793899536,
            0.41224461793899536,
            0.41224461793899536,
            0.41224461793899536,
            0.41224461793899536,
            0.41224461793899536,
            0.41224461793899536,
            0.41224461793899536,
            0.41224461793899536,
            0.41224461793899536,
            0.41224461793899536,
            0.41224461793899536,
            0.41224461793899536,
            0.41224461793899536
        ],
        "MSE": [
            0.060323845595121384,
            0.044995781034231186,
            0.032357458025217056,
            0.023515738546848297,
            0.019139200448989868,
            0.01789129339158535,
            0.01769389770925045,
            0.01768605411052704,
            0.01768605411052704,
            0.01768605411052704,
            0.01768605411052704,
            0.01768605411052704,
            0.01768605411052704,
            0.01768605411052704,
            0.01768605411052704,
            0.01768605411052704,
            0.01768605411052704,
            0.01768605411052704,
            0.01768605411052704,
            0.01768605411052704,
            0.01768605411052704,
            0.01768605411052704,
            0.01768605411052704,
            0.01768605411052704,
            0.01768605411052704
        ],
        "SNR": [
            0,
            1,
            2,
            3,
            4,
            5,
            6,
            7,
            8,
            9,
            10,
            11,
            12,
            13,
            14,
            15,
            16,
            17,
            18,
            19,
            20,
            21,
            22,
            23,
            24
        ]
    },
    "16_5": {
        "SSIM": [
            0.37475311756134033,
            0.4453909397125244,
            0.5111890435218811,
            0.5628449320793152,
            0.595969557762146,
            0.6163409352302551,
            0.6289960741996765,
            0.6382776498794556,
            0.6449129581451416,
            0.6488558053970337,
            0.6505475640296936,
            0.6509653329849243,
            0.651013970375061,
            0.651013970375061,
            0.651013970375061,
            0.651013970375061,
            0.651013970375061,
            0.651013970375061,
            0.651013970375061,
            0.651013970375061,
            0.651013970375061,
            0.651013970375061,
            0.651013970375061,
            0.651013970375061,
            0.651013970375061
        ],