{
    "4_0": {
        "SSIM": [
            0.25657108426094055,
            0.28016507625579834,
            0.3001062870025635,
            0.31524965167045593,
            0.32460281252861023,
            0.3300013840198517,
            0.331857293844223,
            0.3322772681713104,
            0.3323100507259369,
            0.33230969309806824,
            0.33230969309806824,
            0.33230969309806824,
            0.33230969309806824,
            0.33230969309806824,
            0.33230969309806824,
            0.33230969309806824,
            0.33230969309806824,
            0.33230969309806824,
            0.33230969309806824,
            0.33230969309806824,
            0.33230969309806824,
            0.33230969309806824,
            0.33230969309806824,
            0.33230969309806824,
            0.33230969309806824
        ],
        "MSE": [
            0.030008861795067787,
            0.02639680542051792,
            0.023901699110865593,
            0.022377481684088707,
            0.021484415978193283,
            0.021037599071860313,
            0.020879333838820457,
            0.020848212763667107,
            0.02084536664187908,
            0.02084536664187908,
            0.02084536664187908,
            0.02084536664187908,
            0.02084536664187908,
            0.02084536664187908,
            0.02084536664187908,
            0.02084536664187908,
            0.02084536664187908,
            0.02084536664187908,
            0.02084536664187908,
            0.02084536664187908,
            0.02084536664187908,
            0.02084536664187908,
            0.02084536664187908,
            0.02084536664187908,
            0.02084536664187908
        ],
        "SNR": [
            0,
            1,
            2,
            3,
            4,
            5,
            6,
            7,
            8,
            9,
            10,
            11,
            12,
            13,
            14,
            15,
            16,
            17,
            18,
            19,
            20,
            21,
            22,
            23,
            24
        ]
    },
    "4_5": {
        "SSIM": [
            0.21149544417858124,
            0.26114359498023987,
            0.32423412799835205,
            0.38848909735679626,
            0.4399786591529846,
            0.4696471393108368,
            0.481555700302124,
            0.48409008979797363,
            0.4843044877052307,
            0.48431387543678284,
            0.48431387543678284,
            0.48431387543678284,
            0.48431387543678284,
            0.48431387543678284,
            0.48431387543678284,
            0.48431387543678284,
            0.48431387543678284,
            0.48431387543678284,
            0.48431387543678284,
            0.48431387543678284,
            0.48431387543678284,
            0.48431387543678284,
            0.48431387543678284,
            0.48431387543678284,
            0.48431387543678284
        ],
        "MSE": [
            0.05181044340133667,
            0.04194767400622368,
            0.03188207373023033,
            0.023819992318749428,
            0.018570760264992714,
            0.016040077432990074,
            0.01515707653015852,
            0.014965611509978771,
            0.014949940145015717,
            0.01494966633617878,
            0.01494966633617878,
            0.01494966633617878,
            0.01494966633617878,
            0.01494966633617878,
            0.01494966633617878,
            0.01494966633617878,
            0.01494966633617878,
            0.01494966633617878,
            0.01494966633617878,
            0.01494966633617878,
            0.01494966633617878,
            0.01494966633617878,
            0.01494966633617878,
            0.01494966633617878,
            0.01494966633617878
        ],
        "SNR": [
            0,
            1,
            2,
            3,
            4,
            5,
            6,
            7,
            8,
            9,
            10,
            11,
            12,
            13,
            14,
            15,
            16,
            17,
            18,
            19,
            20,
            21,
            22,
            23,
            24
        ]
    },
    "4_10": {
        "SSIM": [
            0.1369161307811737,
            0.174630269408226,
            0.22838573157787323,
            0.29585763812065125,
            0.363941490650177,
            0.41470035910606384,
            0.4374783933162689,
            0.4425848424434662,
            0.4431116580963135,
            0.44312572479248047,
            0.44312572479248047,
            0.44312572479248047,
            0.44312572479248047,
            0.44312572479248047,
            0.44312572479248047,
            0.44312572479248047,
            0.44312572479248047,
            0.44312572479248047,
            0.44312572479248047,
            0.44312572479248047,
            0.44312572479248047,
            0.44312572479248047,
            0.44312572479248047,
            0.44312572479248047,
            0.44312572479248047
        ],
        "MSE": [
            0.09256595373153687,
            0.07543756067752838,
            0.057419877499341965,
            0.04057871177792549,
            0.02782508172094822,
            0.020208021625876427,
            0.01710706576704979,
            0.016428550705313683,
            0.016363475471735,
            0.01636236347258091,
            0.01636236347258091,
            0.01636236347258091,
            0.01636236347258091,
            0.01636236347258091,
            0.01636236347258091,
            0.01636236347258091,
            0.01636236347258091,
            0.01636236347258091,
            0.01636236347258091,
            0.01636236347258091,
            0.01636236347258091,
            0.01636236347258091,
            0.01636236347258091,
            0.01636236347258091,
            0.01636236347258091
        ],
        "SNR": [
            0,
            1,
            2,
            3,
            4,
            5,
            6,
            7,
            8,
            9,
            10,
            11,
            12,
            13,
            14,
            15,
            16,
            17,
            18,
            19,
            20,
            21,
            22,
            23,
            24
        ]
    },
    "16_5": {
        "SSIM": [
            0.16485214233398438,
            0.2035774290561676,
            0.25389617681503296,
            0.30997228622436523,
            0.3609282672405243,
            0.4025633931159973,
            0.42936545610427856,
            0.44643741846084595,
            0.45761916041374207,
            0.4661461412906647,
            0.47270485758781433,
            0.47759848833084106,
            0.48035097122192383,
            0.48145848512649536,
            0.48168712854385376,
            0.4817098081111908,
            0.48170939087867737,
            0.48170939087867737,
            0.48170939087867737,
            0.48170939087867737,
            0.48170939087867737,
            0.48170939087867737,
            0.48170939087867737,
            0.48170939087867737,
            0.48170939087867737
        ],